User,Issues
stelliom,135
janisklamt,70
AngeloCampanaleCMCC,52
shirareznik,52
krishaizl,51
criess374,50
mjaehn,41
LudovicoMattavelli,40
donuhr,38
mm10525,34
maymeret,34
Chao123-cyber,34
jvicenciov,33
awyszogrodzki,31
jamespanton93,30
kathaepp,29
nkshahi2010,28
seha6418,27
d-risto,26
Detlev-Majewski,25
DJyoti07-sci,25
010000100100100,23
ChristianSteger,23
patludwig,21
quintoaalejandro-oss,21
uschaett,20
gbonatti,20
alabiben,20
awill-btu,20
tniw,20
pengpengsong777,19
maxmil70,19
abhinavdhiman00,19
axelseifert,18
jaydeeptindori,18
flgebhardt,17
wouter-v75,17
LeJu24,16
zemanc,15
ingokir,15
ClKroll,15
mcarynk,14
co8380,14
MichaTrop91,14
kevhofmannkh-source,14
olivercarlo,14
veni-vidi-vici-dormivi,13
cbarthlott,13
gziyan-mainz,13
747872625,13
abdbolek,13
mariusrixen,12
juergsc,12
GeyerB,11
geoalxx,11
kathbaier,11
davide5grana,11
JoseVicencio,11
wegotworktodo,11
gagamail,10
preethisradha,10
JBstoll,10
abaer-kit,10
laroith,10
morganelalonde,9
GabriellaWallentin,9
drieg,9
sebavp77,9
naveed-hzg,9
sacculifer,9
CobeRich,9
Zaninn-dev,9
BrienenS,8
babamaketa,8
kgoergen,8
nomanovic,8
zs2554,8
sabrinaclvaz,8
mirjanna,8
PhilipRupp,8
cheesecrowd,8
shady1123,8
DaumGunn,8
chalump,8
subhrajitjubu,7
ziu1986,7
Nikitin-MA,7
Josien99,7
enrenr,7
anadeemdwd,7
jobo95,7
ryanvella9,7
amiltenb,7
alanagadelha,7
LiorHochman,7
Tishant15,7
vmaurerDWD,6
prashantsinghprs,6
SerraNeto,6
donmezkutay,6
cridami,6
mojeamjad,6
heu3becteh,6
christopher-lw,6
zysong87,6
AlijaBevrnjaDWD,6
horacWX,6
Kevin-Pfannkuch,6
Kailashnath891,6
frhofmann70,6
ozantiryaki,6
Quba1,6
onilog11,5
stefan23d,5
sramotonto,5
DaDaniii,5
treimus64,5
airiza894,5
fbati-ww,5
boeltem99,5
Arturs32,5
barcelm,5
maqueo-s,5
JS-WRF-SBM,5
Ser-Piero,5
raj23-lab,5
santiagohernandez23,5
HendrikFeldmannKIT,5
jhelmert,5
Mousa1285,5
stefaniaoliva-hub,5
pavelkhain1982,5
JanLandwehrs,5
zhang-zhi-ping,5
Matteus9,5
beheinold,5
ibartolo0,5
MrLennrat,5
biancafusi,5
fipoucat,5
alegoogle,4
ellinorkraemer,4
sandysgits,4
NikolaiPonomarev,4
manel-bravo,4
mvhulten,4
ofuhrer,4
Paulinebonnet111,4
mohanmurali-mmk,4
MuellerJason,4
theodore-andreadis,4
melahi94UHH,4
zoulw,4
HMawali,4
Deepak-Waman,4
catrinmey,4
juergen-seib,4
jaquimbayod-cloud,4
mwtkrayer,4
dmmohr,4
FAIZY888,4
bassojoao,4
niklasroeber-ops,4
ajacz,4
diegokam,3
micstein89,3
chawas,3
mitTheos,3
rscatamacchia,3
vera-schemann,3
sw-pa,3
t89537,3
muskatelh,3
efmkoene,3
tobiasselz,3
SeregaOsipov,3
J-Bruckert,3
ClaraSeidel,3
Sajan-Shrestha,3
1JunGu,3
sreelekshmit,3
tsreelekshmi789,3
nils3er,3
sumitakedia,3
JuliaThomasKIT,3
kaleli5,3
robertziel,3
kevin-raw100,3
pkunze01,3
2001pascal,3
phamnam78,3
feldmann-m,3
Ivanderkelen,3
VictorMurphyHUJI,3
aliclskn2000,3
alladi157,3
avgoustoglou,3
angelos-d-l,3
wangjing-Spec,3
ElenaA58,2
Almarho,2
Mrbarthobn,2
AlexPoulidis,2
peterkuma,2
mtnas,2
JulienSavre,2
julievimbai,2
bociusz,2
jorgeev,2
Pierre-Laplace,2
babypanda212,2
mgalkowski,2
adjebbar,2
MatthiasZacharuk,2
Man-Deri,2
vgarbero,2
antonioricchi,2
enzbenzb,2
jaquimbayod,2
kstephandwd,2
ytian0704,2
alsalehimarwan,2
keresbira-maker,2
avichotllano,2
bio71,2
elyakomvadislavsky-cloud,2
JS-WRF,2
gogerbr,2
m-burba,2
emanueletedesco,2
usermuddy,2
SubhadipDatta,2
arunkumardwivedi,2
mttfst,2
nikitabutakov2019-create,2
tgastaldo,2
ahlgrimmm-cpu,2
mahlgrim,2
jenyandwi,2
birknerch,2
m-octavia,2
jrothermel,2
shwetasingh4735,2
bwowejk,2
FrederikVF,2
meteoadriatic,2
ADgit7,2
ratym,2
mmuraro,2
dspreitz,2
pimonte,2
vdurlich-lang,2
snandiniweiss,2
EfiBril,2
Copani,2
diewang0829,2
felipehnn,2
yishihu14,2
SvenKotlarski,2
Lamblun,2
dakritid,2
husseinmilanzi,2
khalidfestok1,1
ahomoudi,1
ClimEarth,1
TitianChen,1
christian2393,1
catalin-rucareanu2001,1
778315116,1
tropicrainforest,1
EvaHaJLU,1
MoryClimat,1
EstherModi,1
momy-85,1
cosunae,1
martin-koehler,1
kermit0611,1
sylvaine,1
lertarc,1
vimbainaishe,1
masonmawoyo,1
Tambu2804,1
bbandajoy,1
chartick,1
lbruder5,1
seraphinehauser,1
rowa-LE,1
alfonso-ferrone,1
downRabc,1
ahanakk,1
zakrzewow,1
Mittagskogel,1
drozd324,1
aashna-creator,1
amedvedova,1
gchingjohnson,1
samuel0007,1
thimeier,1
valeriocardinali,1
jamierbanks,1
Pacoder82,1
miriamsimm,1
md-delowar-hossen,1
valerykouassivk-wq,1
khoffmannabdi,1
aulingerbua,1
muhshif,1
AlexSzatmari,1
Sugarloaf00,1
jyoti-sharma-iiser,1
nellea-egg,1
tdoerff,1
MyScienceGIT,1
ppothapa,1
mariehuha,1
luctorrisi,1
samsam1204,1
atmosara,1
mk6844,1
chhfan1974,1
gbf20230329,1
yannickanders,1
MJSteil,1
onelg-22,1
schopra309,1
stenkea,1
kzjonah,1
lisaherdt,1
josin77,1
heinoldbernd-dev,1
csy000629,1
BirgenH,1
fsenf,1
merrycapture,1
avtoritetsyava-hash,1
ccalvosa,1
JennyWinstone,1
kolja-wagner,1
Sintelomut,1
atoledano-meteo,1
alihoshy,1
ssk351,1
Secrat671,1
zhssd,1
costanzadelgobbo,1
jppietikainen,1
larsbuntemeyer,1
scorveleyn,1
Sangeeta1822,1
keenness25,1
ahahmann,1
ZakaryL,1
annikaoertel,1
HarshithaC-hack,1
